user_id,full_name,email,password,profile_picture,phone_number,user_type,is_verified,is_active,created_at,updated_at,address
10001,Ryan Gallagher,ryan.gallagher@gmail.com,oa61pu6ho%,https://picsum.photos/seed/10001/200,5000806360,admin,True,False,2025-06-06T09:09:00.786043,2025-06-06T09:09:00.786043,Hyderabad
10002,Kristen Reed,kristen.reed@gmail.com,a1@se3yz_^,https://picsum.photos/seed/10002/200,4497869073,provider,False,False,2025-06-06T09:09:00.786043,2025-06-06T09:09:00.786043,Delhi
10003,Stephen Parsons,stephen.parsons@gmail.com,9c5d6bc#l+,https://picsum.photos/seed/10003/200,8303883685,provider,True,True,2025-06-06T09:09:00.786043,2025-06-06T09:09:00.786043,Mumbai
10004,Mary Lynch,mary.lynch@gmail.com,prumqce8+0,https://picsum.photos/seed/10004/200,7565088995,customer,False,False,2025-06-06T09:09:00.786043,2025-06-06T09:09:00.786043,Delhi
10005,Madison Pierce,madison.pierce@gmail.com,e#w@1$t9oz,https://picsum.photos/seed/10005/200,5412248244,customer,False,False,2025-06-06T09:09:00.786043,2025-06-06T09:09:00.786043,Delhi
10006,Alexander Hughes,alexander.hughes@gmail.com,^v3_hr!i&m,https://picsum.photos/seed/10006/200,8387380695,employee,True,False,2025-06-06T09:09:00.786043,2025-06-06T09:09:00.786043,Hyderabad
10007,Daniel Williams,daniel.williams@gmail.com,w21f&esj_@,https://picsum.photos/seed/10007/200,6351396937,customer,True,True,2025-06-06T09:09:00.786043,2025-06-06T09:09:00.786043,Mumbai
10008,Alicia Salazar,alicia.salazar@gmail.com,*tq4&80a&e,https://picsum.photos/seed/10008/200,0122283459,employee,False,True,2025-06-06T09:09:00.786043,2025-06-06T09:09:00.786043,Delhi
10009,Brian Young,brian.young@gmail.com,f)376z7&^e,https://picsum.photos/seed/10009/200,9145498174,employee,False,False,2025-06-06T09:09:00.786043,2025-06-06T09:09:00.786043,Delhi
10010,Michael Davis,michael.davis@gmail.com,+z8^0+ng@6,https://picsum.photos/seed/10010/200,1350004957,employee,False,True,2025-06-06T09:09:00.786043,2025-06-06T09:09:00.786043,Delhi
10011,Thomas Booker,thomas.booker@gmail.com,_*ze1j0i2+,https://picsum.photos/seed/10011/200,9536405259,employee,False,False,2025-06-06T09:09:00.786043,2025-06-06T09:09:00.786043,Hyderabad
10012,Logan Aguirre,logan.aguirre@gmail.com,!3he$$i1@b,https://picsum.photos/seed/10012/200,1822225418,provider,True,True,2025-06-06T09:09:00.786043,2025-06-06T09:09:00.786043,Delhi
10013,Brenda Lozano,brenda.lozano@gmail.com,q!sn5(8tmk,https://picsum.photos/seed/10013/200,8487870652,provider,True,False,2025-06-06T09:09:00.786043,2025-06-06T09:09:00.786043,Delhi
10014,Tara Cherry,tara.cherry@gmail.com,5&&0r07w!!,https://picsum.photos/seed/10014/200,3577365894,provider,True,False,2025-06-06T09:09:00.786043,2025-06-06T09:09:00.786043,Mumbai
10015,Maria Wood,maria.wood@gmail.com,22(*3aj^hc,https://picsum.photos/seed/10015/200,3907656828,provider,False,True,2025-06-06T09:09:00.791987,2025-06-06T09:09:00.791987,Mumbai
10016,Lori Adams,lori.adams@gmail.com,hy@$s2syv7,https://picsum.photos/seed/10016/200,3169861443,employee,False,False,2025-06-06T09:09:00.791987,2025-06-06T09:09:00.791987,Delhi
10017,Kelsey Riley,kelsey.riley@gmail.com,s)9e1h0k!q,https://picsum.photos/seed/10017/200,6139634101,admin,False,False,2025-06-06T09:09:00.791987,2025-06-06T09:09:00.791987,Hyderabad
10018,Michael Ramsey,michael.ramsey@gmail.com,cf2c52c99_,https://picsum.photos/seed/10018/200,1663804983,provider,True,True,2025-06-06T09:09:00.791987,2025-06-06T09:09:00.791987,Delhi
10019,Patrick Huerta,patrick.huerta@gmail.com,h%52687ogn,https://picsum.photos/seed/10019/200,0626421905,provider,False,False,2025-06-06T09:09:00.792991,2025-06-06T09:09:00.792991,Delhi
10020,Joel Green,joel.green@gmail.com,#cn87jqcx#,https://picsum.photos/seed/10020/200,3833541185,customer,False,True,2025-06-06T09:09:00.792991,2025-06-06T09:09:00.792991,Mumbai
10021,Caroline Delgado,caroline.delgado@gmail.com,+n6ib0hm08,https://picsum.photos/seed/10021/200,5634312979,provider,True,True,2025-06-06T09:09:00.792991,2025-06-06T09:09:00.792991,Delhi
10022,Christopher Osborne,christopher.osborne@gmail.com,+7^lk$_3w7,https://picsum.photos/seed/10022/200,7897541921,employee,True,True,2025-06-06T09:09:00.793478,2025-06-06T09:09:00.793478,Delhi
10023,James Jackson II,james.jackson.ii@gmail.com,f_m3g7r#q%,https://picsum.photos/seed/10023/200,3622006280,employee,False,False,2025-06-06T09:09:00.793478,2025-06-06T09:09:00.793478,Delhi
10024,Joel Larsen,joel.larsen@gmail.com,#s#!^%0rnk,https://picsum.photos/seed/10024/200,4433099256,provider,False,False,2025-06-06T09:09:00.793478,2025-06-06T09:09:00.793478,Delhi
10025,Susan Payne,susan.payne@gmail.com,(8j3nmw0y*,https://picsum.photos/seed/10025/200,1878515028,customer,False,True,2025-06-06T09:09:00.793478,2025-06-06T09:09:00.793478,Delhi
10026,Pamela Roach,pamela.roach@gmail.com,d*q%06x3&q,https://picsum.photos/seed/10026/200,8835586971,employee,False,True,2025-06-06T09:09:00.793478,2025-06-06T09:09:00.793478,Mumbai
10027,Michelle Davenport DDS,michelle.davenport.dds@gmail.com,n)63(0j2qd,https://picsum.photos/seed/10027/200,4588081255,provider,True,False,2025-06-06T09:09:00.793478,2025-06-06T09:09:00.793478,Mumbai
10028,Douglas Gibson,douglas.gibson@gmail.com,wq&d^6cln5,https://picsum.photos/seed/10028/200,9588202439,provider,False,False,2025-06-06T09:09:00.793478,2025-06-06T09:09:00.793478,Hyderabad
10029,Teresa Harvey,teresa.harvey@gmail.com,@^0id$vsi8,https://picsum.photos/seed/10029/200,7433973675,provider,False,True,2025-06-06T09:09:00.793478,2025-06-06T09:09:00.793478,Hyderabad
10030,Robin Bolton,robin.bolton@gmail.com,%d66$hcg84,https://picsum.photos/seed/10030/200,0814858984,admin,True,True,2025-06-06T09:09:00.793478,2025-06-06T09:09:00.793478,Delhi
10031,Tammy Holmes,tammy.holmes@gmail.com,)&9&p9j!8j,https://picsum.photos/seed/10031/200,4011064745,provider,True,True,2025-06-06T09:09:00.793478,2025-06-06T09:09:00.793478,Hyderabad
10032,Bruce Gomez,bruce.gomez@gmail.com,zr5&&2ax18,https://picsum.photos/seed/10032/200,3766112323,customer,False,True,2025-06-06T09:09:00.793478,2025-06-06T09:09:00.793478,Mumbai
10033,Raymond Garcia,raymond.garcia@gmail.com,%_ze24ay%e,https://picsum.photos/seed/10033/200,2703161748,employee,False,True,2025-06-06T09:09:00.793478,2025-06-06T09:09:00.793478,Delhi
10034,Karen Hernandez,karen.hernandez@gmail.com,c)uz13uf_o,https://picsum.photos/seed/10034/200,5408741384,admin,False,False,2025-06-06T09:09:00.793478,2025-06-06T09:09:00.793478,Hyderabad
10035,David Russell,david.russell@gmail.com,dh971b0_5_,https://picsum.photos/seed/10035/200,9782085823,admin,True,False,2025-06-06T09:09:00.793478,2025-06-06T09:09:00.793478,Delhi
10036,Mr. Stephen Hale,mr..stephen.hale@gmail.com,$lfku)fu81,https://picsum.photos/seed/10036/200,1345498601,admin,False,False,2025-06-06T09:09:00.793478,2025-06-06T09:09:00.793478,Mumbai
10037,Steven Thomas,steven.thomas@gmail.com,$)%00l@&7w,https://picsum.photos/seed/10037/200,0851529461,provider,False,False,2025-06-06T09:09:00.793478,2025-06-06T09:09:00.793478,Hyderabad
10038,Jason Peck,jason.peck@gmail.com,2&%^3v1udx,https://picsum.photos/seed/10038/200,1518588890,customer,False,False,2025-06-06T09:09:00.793478,2025-06-06T09:09:00.793478,Mumbai
10039,Brittney Mcintyre,brittney.mcintyre@gmail.com,#s4ups69^3,https://picsum.photos/seed/10039/200,2681706964,provider,True,False,2025-06-06T09:09:00.793478,2025-06-06T09:09:00.793478,Hyderabad
10040,Amy Ruiz,amy.ruiz@gmail.com,#z&051zvj!,https://picsum.photos/seed/10040/200,2105654096,provider,True,False,2025-06-06T09:09:00.793478,2025-06-06T09:09:00.793478,Hyderabad
10041,Robert Alexander,robert.alexander@gmail.com,+&4^ceiuo3,https://picsum.photos/seed/10041/200,6263135537,employee,True,False,2025-06-06T09:09:00.793478,2025-06-06T09:09:00.793478,Hyderabad
10042,Mary Zuniga,mary.zuniga@gmail.com,efws76m@&(,https://picsum.photos/seed/10042/200,2814076386,customer,True,False,2025-06-06T09:09:00.793478,2025-06-06T09:09:00.793478,Delhi
10043,Dr. Mary Peterson,dr..mary.peterson@gmail.com,dy*6@_+@$1,https://picsum.photos/seed/10043/200,6719061817,provider,True,False,2025-06-06T09:09:00.793478,2025-06-06T09:09:00.793478,Hyderabad
10044,Alisha Villarreal,alisha.villarreal@gmail.com,7gz*3d4x8(,https://picsum.photos/seed/10044/200,5249429155,customer,False,False,2025-06-06T09:09:00.793478,2025-06-06T09:09:00.793478,Delhi
10045,James Cunningham,james.cunningham@gmail.com,y!2ehem+&a,https://picsum.photos/seed/10045/200,0666299288,provider,True,False,2025-06-06T09:09:00.793478,2025-06-06T09:09:00.793478,Hyderabad
10046,Dale Higgins,dale.higgins@gmail.com,sxm4d5r_a&,https://picsum.photos/seed/10046/200,4900522116,employee,True,False,2025-06-06T09:09:00.798615,2025-06-06T09:09:00.798615,Hyderabad
10047,Jennifer Barr,jennifer.barr@gmail.com,jcrmmmqz+3,https://picsum.photos/seed/10047/200,0288364664,provider,False,False,2025-06-06T09:09:00.798615,2025-06-06T09:09:00.798615,Delhi
10048,Alan Molina,alan.molina@gmail.com,rdwm%k#8*3,https://picsum.photos/seed/10048/200,8533591507,admin,False,False,2025-06-06T09:09:00.799119,2025-06-06T09:09:00.799119,Hyderabad
10049,Sarah Mays,sarah.mays@gmail.com,*zs7zqss0v,https://picsum.photos/seed/10049/200,0649529984,customer,True,True,2025-06-06T09:09:00.799119,2025-06-06T09:09:00.799119,Delhi
10050,Zachary Gibbs,zachary.gibbs@gmail.com,@9%3wo@d)v,https://picsum.photos/seed/10050/200,8802553292,provider,True,True,2025-06-06T09:09:00.799119,2025-06-06T09:09:00.799119,Mumbai
10051,Jordan Underwood,jordan.underwood@gmail.com,5m^+4ot1p%,https://picsum.photos/seed/10051/200,2484331470,employee,False,True,2025-06-06T09:09:00.799119,2025-06-06T09:09:00.799119,Hyderabad
10052,Angela Stewart,angela.stewart@gmail.com,@r8@z8ee%l,https://picsum.photos/seed/10052/200,3192981473,provider,True,False,2025-06-06T09:09:00.800318,2025-06-06T09:09:00.800318,Hyderabad
10053,Victor Cummings,victor.cummings@gmail.com,z@0$0o%a@d,https://picsum.photos/seed/10053/200,7855613923,provider,False,False,2025-06-06T09:09:00.800318,2025-06-06T09:09:00.800318,Hyderabad
10054,John Johnson,john.johnson@gmail.com,ijx8l4$v!1,https://picsum.photos/seed/10054/200,9724849698,provider,False,False,2025-06-06T09:09:00.800318,2025-06-06T09:09:00.800318,Hyderabad
10055,Peter Casey,peter.casey@gmail.com,*_a4h&t#5t,https://picsum.photos/seed/10055/200,4605549031,admin,True,False,2025-06-06T09:09:00.800318,2025-06-06T09:09:00.800318,Delhi
10056,Michael Chung,michael.chung@gmail.com,@)l5onih6w,https://picsum.photos/seed/10056/200,3909333663,admin,False,False,2025-06-06T09:09:00.800318,2025-06-06T09:09:00.800318,Hyderabad
10057,Sherry Smith,sherry.smith@gmail.com,bk@54to3+g,https://picsum.photos/seed/10057/200,4171839465,provider,True,False,2025-06-06T09:09:00.800318,2025-06-06T09:09:00.800318,Delhi
10058,Kayla Martin,kayla.martin@gmail.com,_k80@#@c%h,https://picsum.photos/seed/10058/200,4498843236,provider,False,True,2025-06-06T09:09:00.800318,2025-06-06T09:09:00.800318,Hyderabad
10059,Amanda Murphy,amanda.murphy@gmail.com,(i@0(v%su*,https://picsum.photos/seed/10059/200,4509173321,customer,True,True,2025-06-06T09:09:00.800318,2025-06-06T09:09:00.800318,Hyderabad
10060,Audrey Cisneros,audrey.cisneros@gmail.com,mjtmmo35o+,https://picsum.photos/seed/10060/200,3752913164,admin,True,False,2025-06-06T09:09:00.801709,2025-06-06T09:09:00.801709,Mumbai
10061,Jacqueline Bryant,jacqueline.bryant@gmail.com,x^522&em(m,https://picsum.photos/seed/10061/200,3552474162,provider,False,False,2025-06-06T09:09:00.801709,2025-06-06T09:09:00.801709,Mumbai
10062,Sarah Cohen,sarah.cohen@gmail.com,d@2)5pcttp,https://picsum.photos/seed/10062/200,0493034596,provider,False,True,2025-06-06T09:09:00.801709,2025-06-06T09:09:00.801709,Delhi
10063,Dylan Carroll,dylan.carroll@gmail.com,_c0*$f1eg$,https://picsum.photos/seed/10063/200,2853614332,provider,True,True,2025-06-06T09:09:00.801709,2025-06-06T09:09:00.801709,Mumbai
10064,Jack Williams,jack.williams@gmail.com,^l_1jt*lsl,https://picsum.photos/seed/10064/200,8005785271,customer,False,True,2025-06-06T09:09:00.801709,2025-06-06T09:09:00.801709,Mumbai
10065,Emily Stewart,emily.stewart@gmail.com,4s0z)31p_0,https://picsum.photos/seed/10065/200,4240166934,admin,True,False,2025-06-06T09:09:00.802444,2025-06-06T09:09:00.802444,Hyderabad
10066,Lisa Leonard,lisa.leonard@gmail.com,^2nl)z*bl@,https://picsum.photos/seed/10066/200,9758297606,provider,True,True,2025-06-06T09:09:00.802444,2025-06-06T09:09:00.802444,Delhi
10067,Kevin Williams,kevin.williams@gmail.com,9l52%l5*9+,https://picsum.photos/seed/10067/200,7093907283,provider,False,False,2025-06-06T09:09:00.802444,2025-06-06T09:09:00.802444,Mumbai
10068,Charles Jackson,charles.jackson@gmail.com,vh22z9e(h#,https://picsum.photos/seed/10068/200,0516682977,provider,False,False,2025-06-06T09:09:00.802444,2025-06-06T09:09:00.802444,Hyderabad
10069,Amy Bowen,amy.bowen@gmail.com,&78dgmxgb@,https://picsum.photos/seed/10069/200,2080183757,customer,False,True,2025-06-06T09:09:00.802444,2025-06-06T09:09:00.802444,Delhi
10070,John Arias,john.arias@gmail.com,%7*5htcq4&,https://picsum.photos/seed/10070/200,1607258546,customer,True,False,2025-06-06T09:09:00.802444,2025-06-06T09:09:00.802444,Hyderabad
10071,Elizabeth Joseph,elizabeth.joseph@gmail.com,3o(b9mdd_9,https://picsum.photos/seed/10071/200,8975768323,customer,True,True,2025-06-06T09:09:00.802444,2025-06-06T09:09:00.802444,Delhi
10072,Amber Flores,amber.flores@gmail.com,8@)gu0kvzv,https://picsum.photos/seed/10072/200,6599331956,provider,True,True,2025-06-06T09:09:00.803755,2025-06-06T09:09:00.803755,Mumbai
10073,Robert Davis,robert.davis@gmail.com,dn2d&8ei&y,https://picsum.photos/seed/10073/200,2179826259,admin,True,True,2025-06-06T09:09:00.803755,2025-06-06T09:09:00.803755,Delhi
10074,Richard Perez,richard.perez@gmail.com,b+%df&7su4,https://picsum.photos/seed/10074/200,8733304048,provider,False,False,2025-06-06T09:09:00.803755,2025-06-06T09:09:00.803755,Delhi
10075,Patricia Rodriguez,patricia.rodriguez@gmail.com,9wfmb5dj&6,https://picsum.photos/seed/10075/200,3123303679,provider,False,False,2025-06-06T09:09:00.803755,2025-06-06T09:09:00.803755,Mumbai
10076,Robert Fuentes,robert.fuentes@gmail.com,t10+pn74!c,https://picsum.photos/seed/10076/200,5131620522,provider,True,False,2025-06-06T09:09:00.803755,2025-06-06T09:09:00.803755,Hyderabad
10077,Karen Christensen,karen.christensen@gmail.com,ag%dkx6c)v,https://picsum.photos/seed/10077/200,7113995115,customer,True,False,2025-06-06T09:09:00.803755,2025-06-06T09:09:00.803755,Delhi
10078,Leslie Smith,leslie.smith@gmail.com,2hfe&3gch9,https://picsum.photos/seed/10078/200,8048277499,provider,False,False,2025-06-06T09:09:00.803755,2025-06-06T09:09:00.803755,Mumbai
10079,Jennifer Rasmussen,jennifer.rasmussen@gmail.com,e76_vzbr+5,https://picsum.photos/seed/10079/200,8270779585,provider,True,True,2025-06-06T09:09:00.803755,2025-06-06T09:09:00.803755,Mumbai
10080,Derrick Patrick,derrick.patrick@gmail.com,j*c@7%3al4,https://picsum.photos/seed/10080/200,8590320910,provider,True,False,2025-06-06T09:09:00.803755,2025-06-06T09:09:00.803755,Hyderabad
10081,Richard Martin,richard.martin@gmail.com,#4lf0&g+t3,https://picsum.photos/seed/10081/200,7661230665,provider,False,False,2025-06-06T09:09:00.803755,2025-06-06T09:09:00.803755,Hyderabad
10082,Rachel Perez DVM,rachel.perez.dvm@gmail.com,^_0l1d^ovp,https://picsum.photos/seed/10082/200,4326067802,employee,False,True,2025-06-06T09:09:00.803755,2025-06-06T09:09:00.803755,Hyderabad
10083,Meredith Graham,meredith.graham@gmail.com,(b5blxdh7y,https://picsum.photos/seed/10083/200,2046961394,provider,True,False,2025-06-06T09:09:00.803755,2025-06-06T09:09:00.803755,Hyderabad
10084,Ronald Rodriguez,ronald.rodriguez@gmail.com,d#8kenw50%,https://picsum.photos/seed/10084/200,0792867380,provider,True,False,2025-06-06T09:09:00.803755,2025-06-06T09:09:00.803755,Hyderabad
10085,Danielle Williams,danielle.williams@gmail.com,h41$#j2d*s,https://picsum.photos/seed/10085/200,5933344854,provider,False,True,2025-06-06T09:09:00.803755,2025-06-06T09:09:00.803755,Mumbai
10086,Matthew Hall,matthew.hall@gmail.com,$)*2vthcv_,https://picsum.photos/seed/10086/200,1434875111,admin,False,False,2025-06-06T09:09:00.803755,2025-06-06T09:09:00.803755,Hyderabad
10087,Ronald Ellis,ronald.ellis@gmail.com,)^!2c22o0#,https://picsum.photos/seed/10087/200,5741313032,provider,True,True,2025-06-06T09:09:00.803755,2025-06-06T09:09:00.803755,Hyderabad
10088,Nicholas Hansen,nicholas.hansen@gmail.com,x!&!2r%d*!,https://picsum.photos/seed/10088/200,6888741279,employee,True,True,2025-06-06T09:09:00.803755,2025-06-06T09:09:00.803755,Mumbai
10089,Alexander Williams,alexander.williams@gmail.com,3@7s2chq^e,https://picsum.photos/seed/10089/200,3346480943,provider,False,True,2025-06-06T09:09:00.803755,2025-06-06T09:09:00.803755,Delhi
10090,Crystal Clark,crystal.clark@gmail.com,s0!qs@gv(#,https://picsum.photos/seed/10090/200,3125877856,provider,True,True,2025-06-06T09:09:00.803755,2025-06-06T09:09:00.803755,Mumbai
10091,Jared Hughes,jared.hughes@gmail.com,v)(3i4@mby,https://picsum.photos/seed/10091/200,5815049895,provider,False,False,2025-06-06T09:09:00.803755,2025-06-06T09:09:00.803755,Hyderabad
10092,Eric Ramos,eric.ramos@gmail.com,6y$1@7ix_n,https://picsum.photos/seed/10092/200,7719791000,provider,False,True,2025-06-06T09:09:00.803755,2025-06-06T09:09:00.803755,Delhi
10093,Joshua Williamson,joshua.williamson@gmail.com,9_5anw#9)*,https://picsum.photos/seed/10093/200,0250789820,admin,True,True,2025-06-06T09:09:00.803755,2025-06-06T09:09:00.803755,Hyderabad
10094,Valerie Kim,valerie.kim@gmail.com,67w9f@an!9,https://picsum.photos/seed/10094/200,4674576864,provider,False,True,2025-06-06T09:09:00.806551,2025-06-06T09:09:00.806551,Delhi
10095,Stacey Padilla,stacey.padilla@gmail.com,s$4a0ogb*b,https://picsum.photos/seed/10095/200,0211787004,provider,True,True,2025-06-06T09:09:00.806551,2025-06-06T09:09:00.806551,Hyderabad
10096,Maria Kelly,maria.kelly@gmail.com,vtw61rk48*,https://picsum.photos/seed/10096/200,2055619592,customer,False,True,2025-06-06T09:09:00.806551,2025-06-06T09:09:00.806551,Hyderabad
10097,Travis Hall,travis.hall@gmail.com,mp)8&ubl@$,https://picsum.photos/seed/10097/200,6789469575,provider,False,True,2025-06-06T09:09:00.806551,2025-06-06T09:09:00.806551,Hyderabad
10098,Charles Abbott,charles.abbott@gmail.com,%7()amfl+k,https://picsum.photos/seed/10098/200,7315290604,employee,False,True,2025-06-06T09:09:00.806551,2025-06-06T09:09:00.806551,Delhi
10099,Kevin Gill,kevin.gill@gmail.com,^ngktl%76w,https://picsum.photos/seed/10099/200,5260248962,provider,False,False,2025-06-06T09:09:00.806551,2025-06-06T09:09:00.806551,Delhi
10100,Vanessa Scott,vanessa.scott@gmail.com,u0yv39fw_y,https://picsum.photos/seed/10100/200,4670424641,provider,False,True,2025-06-06T09:09:00.806551,2025-06-06T09:09:00.806551,Mumbai
10101,Tammy Wilkinson,tammy.wilkinson@gmail.com,*2_^wof^0*,https://picsum.photos/seed/10101/200,9932897259,provider,True,False,2025-06-06T09:09:00.806551,2025-06-06T09:09:00.806551,Mumbai
10102,Erika Chase,erika.chase@gmail.com,q29!_n0aho,https://picsum.photos/seed/10102/200,3428805716,customer,False,True,2025-06-06T09:09:00.806551,2025-06-06T09:09:00.806551,Hyderabad
10103,Peter Clark,peter.clark@gmail.com,)h+sr&k82^,https://picsum.photos/seed/10103/200,3333654078,provider,True,True,2025-06-06T09:09:00.806551,2025-06-06T09:09:00.806551,Hyderabad
10104,Robert Hill,robert.hill@gmail.com,7^1cn__5l$,https://picsum.photos/seed/10104/200,3479805023,provider,False,False,2025-06-06T09:09:00.806551,2025-06-06T09:09:00.806551,Delhi
10105,Jacob Odom,jacob.odom@gmail.com,wa3q41lxo$,https://picsum.photos/seed/10105/200,3975401980,provider,True,True,2025-06-06T09:09:00.806551,2025-06-06T09:09:00.806551,Hyderabad
10106,Kimberly Charles,kimberly.charles@gmail.com,!7&6vk6twj,https://picsum.photos/seed/10106/200,8044248472,provider,True,True,2025-06-06T09:09:00.806551,2025-06-06T09:09:00.806551,Delhi
10107,Donald Collins,donald.collins@gmail.com,)*4vy0p9ju,https://picsum.photos/seed/10107/200,9350840619,provider,False,True,2025-06-06T09:09:00.806551,2025-06-06T09:09:00.806551,Hyderabad
10108,Mario Stone,mario.stone@gmail.com,%4+@3uqkrs,https://picsum.photos/seed/10108/200,0768164603,provider,False,False,2025-06-06T09:09:00.806551,2025-06-06T09:09:00.806551,Hyderabad
10109,Lindsay Riley,lindsay.riley@gmail.com,q7j_1xkb$i,https://picsum.photos/seed/10109/200,4041294764,provider,False,False,2025-06-06T09:09:00.806551,2025-06-06T09:09:00.806551,Delhi
10110,Robert Dunn,robert.dunn@gmail.com,7!c!6%vl#0,https://picsum.photos/seed/10110/200,3600869206,employee,True,True,2025-06-06T09:09:00.806551,2025-06-06T09:09:00.806551,Delhi
10111,Logan Fernandez,logan.fernandez@gmail.com,c064gumm^f,https://picsum.photos/seed/10111/200,8013425320,provider,True,True,2025-06-06T09:09:00.808629,2025-06-06T09:09:00.808629,Mumbai
10112,Daniel Green,daniel.green@gmail.com,mx0s7the1!,https://picsum.photos/seed/10112/200,2601417374,provider,False,False,2025-06-06T09:09:00.808629,2025-06-06T09:09:00.808629,Hyderabad
10113,Sandra Gregory,sandra.gregory@gmail.com,85hb)6nu$*,https://picsum.photos/seed/10113/200,1606931376,provider,True,True,2025-06-06T09:09:00.808629,2025-06-06T09:09:00.808629,Delhi
10114,Melissa Morris,melissa.morris@gmail.com,iby*2m&1x!,https://picsum.photos/seed/10114/200,4221296421,provider,True,True,2025-06-06T09:09:00.808629,2025-06-06T09:09:00.808629,Mumbai
10115,Richard Weaver,richard.weaver@gmail.com,$t)k+2hye*,https://picsum.photos/seed/10115/200,8429768983,provider,True,True,2025-06-06T09:09:00.808629,2025-06-06T09:09:00.808629,Mumbai
10116,Stephen Harmon,stephen.harmon@gmail.com,kx3f(3#oh^,https://picsum.photos/seed/10116/200,2738784932,provider,False,False,2025-06-06T09:09:00.808629,2025-06-06T09:09:00.808629,Delhi
10117,Matthew Douglas,matthew.douglas@gmail.com,k2m6i&8g8z,https://picsum.photos/seed/10117/200,1280620877,admin,True,True,2025-06-06T09:09:00.808629,2025-06-06T09:09:00.808629,Mumbai
10118,Matthew Wade,matthew.wade@gmail.com,ze&s3j3qv9,https://picsum.photos/seed/10118/200,1811675308,provider,False,True,2025-06-06T09:09:00.808629,2025-06-06T09:09:00.808629,Hyderabad
10119,Caroline Gonzalez,caroline.gonzalez@gmail.com,_wrqhu+v_5,https://picsum.photos/seed/10119/200,8278162802,provider,False,True,2025-06-06T09:09:00.809846,2025-06-06T09:09:00.809846,Mumbai
10120,Cheryl Ross,cheryl.ross@gmail.com,@_56ilqo2(,https://picsum.photos/seed/10120/200,0297504984,provider,False,True,2025-06-06T09:09:00.809846,2025-06-06T09:09:00.809846,Mumbai
10121,Paul Reed,paul.reed@gmail.com,^*0+gm!qya,https://picsum.photos/seed/10121/200,8822629532,provider,True,False,2025-06-06T09:09:00.809846,2025-06-06T09:09:00.809846,Hyderabad
10122,Andrew Ramirez,andrew.ramirez@gmail.com,vl!q%57a6o,https://picsum.photos/seed/10122/200,2404307001,provider,False,False,2025-06-06T09:09:00.809846,2025-06-06T09:09:00.809846,Hyderabad
10123,Marcia Anderson,marcia.anderson@gmail.com,_sh9_mv3&^,https://picsum.photos/seed/10123/200,1695229152,provider,False,True,2025-06-06T09:09:00.809846,2025-06-06T09:09:00.809846,Mumbai
10124,Mrs. Amy Wade MD,mrs..amy.wade.md@gmail.com,3cg&54s4^3,https://picsum.photos/seed/10124/200,3489029401,customer,True,False,2025-06-06T09:09:00.809846,2025-06-06T09:09:00.809846,Delhi
10125,Michelle Grant,michelle.grant@gmail.com,8&q)263okl,https://picsum.photos/seed/10125/200,9588203305,customer,True,True,2025-06-06T09:09:00.809846,2025-06-06T09:09:00.809846,Mumbai
10126,Jennifer Perry,jennifer.perry@gmail.com,x$0*hq&05z,https://picsum.photos/seed/10126/200,5908070544,employee,True,False,2025-06-06T09:09:00.810850,2025-06-06T09:09:00.810850,Hyderabad
10127,Mr. Kevin Mcdaniel,mr..kevin.mcdaniel@gmail.com,$^!n$_4v!1,https://picsum.photos/seed/10127/200,6101497346,employee,False,False,2025-06-06T09:09:00.810850,2025-06-06T09:09:00.810850,Delhi
10128,Samuel Ford,samuel.ford@gmail.com,$au7ogao_9,https://picsum.photos/seed/10128/200,6658218209,provider,False,True,2025-06-06T09:09:00.810850,2025-06-06T09:09:00.810850,Delhi
10129,Julie Middleton,julie.middleton@gmail.com,@9zk7mte0%,https://picsum.photos/seed/10129/200,4471157483,provider,False,False,2025-06-06T09:09:00.811638,2025-06-06T09:09:00.811638,Hyderabad
10130,David Wu,david.wu@gmail.com,$76%amqw26,https://picsum.photos/seed/10130/200,6446802128,employee,False,True,2025-06-06T09:09:00.811638,2025-06-06T09:09:00.811638,Mumbai
10131,Heather Flores,heather.flores@gmail.com,!44_y1zz4r,https://picsum.photos/seed/10131/200,5724040899,provider,True,True,2025-06-06T09:09:00.812143,2025-06-06T09:09:00.812143,Delhi
10132,Rose Johnson,rose.johnson@gmail.com,)tf8%m4@7t,https://picsum.photos/seed/10132/200,7746816788,customer,False,True,2025-06-06T09:09:00.812143,2025-06-06T09:09:00.812143,Hyderabad
10133,Jessica Kent,jessica.kent@gmail.com,9^h3cxg*^p,https://picsum.photos/seed/10133/200,7978765887,provider,False,False,2025-06-06T09:09:00.812143,2025-06-06T09:09:00.812143,Delhi
10134,Christopher Fowler,christopher.fowler@gmail.com,+9&v$62wej,https://picsum.photos/seed/10134/200,2360492732,provider,False,True,2025-06-06T09:09:00.812661,2025-06-06T09:09:00.812661,Hyderabad
10135,Darrell Moore,darrell.moore@gmail.com,)9yim$r6k$,https://picsum.photos/seed/10135/200,0365453261,provider,False,False,2025-06-06T09:09:00.812661,2025-06-06T09:09:00.812661,Mumbai
10136,Gavin Livingston,gavin.livingston@gmail.com,7v0)ev9u@!,https://picsum.photos/seed/10136/200,0042095024,provider,False,False,2025-06-06T09:09:00.813178,2025-06-06T09:09:00.813178,Hyderabad
10137,Tracy Sweeney,tracy.sweeney@gmail.com,w&v7+g(ga*,https://picsum.photos/seed/10137/200,4114364824,provider,False,True,2025-06-06T09:09:00.813470,2025-06-06T09:09:00.813470,Delhi
10138,Mrs. Ashlee Gallagher,mrs..ashlee.gallagher@gmail.com,o@6uiula*a,https://picsum.photos/seed/10138/200,3573031510,customer,False,True,2025-06-06T09:09:00.813973,2025-06-06T09:09:00.813973,Mumbai
10139,Joann Cardenas,joann.cardenas@gmail.com,hi5_v9xcnp,https://picsum.photos/seed/10139/200,0336344530,provider,False,True,2025-06-06T09:09:00.813973,2025-06-06T09:09:00.813973,Mumbai
10140,Robert Graves,robert.graves@gmail.com,xl!59sxyg#,https://picsum.photos/seed/10140/200,6695108795,employee,False,True,2025-06-06T09:09:00.814507,2025-06-06T09:09:00.814507,Delhi
10141,Jacqueline Michael,jacqueline.michael@gmail.com,x#6j1bs8@u,https://picsum.photos/seed/10141/200,6435319266,provider,False,False,2025-06-06T09:09:00.814507,2025-06-06T09:09:00.814507,Mumbai
10142,Anna Allen,anna.allen@gmail.com,%9&c&@fntc,https://picsum.photos/seed/10142/200,6718660490,provider,False,True,2025-06-06T09:09:00.815022,2025-06-06T09:09:00.815022,Delhi
10143,Mrs. Kimberly Robinson,mrs..kimberly.robinson@gmail.com,27+&yb1f5i,https://picsum.photos/seed/10143/200,4781820139,provider,True,False,2025-06-06T09:09:00.815022,2025-06-06T09:09:00.815022,Delhi
10144,Patricia Thompson,patricia.thompson@gmail.com,o$il22nw7+,https://picsum.photos/seed/10144/200,2744697904,admin,False,False,2025-06-06T09:09:00.815534,2025-06-06T09:09:00.815534,Hyderabad
10145,Jeremy Oneal DDS,jeremy.oneal.dds@gmail.com,p#fz(37kht,https://picsum.photos/seed/10145/200,7670647825,provider,True,False,2025-06-06T09:09:00.815534,2025-06-06T09:09:00.815534,Mumbai
10146,Richard Barry,richard.barry@gmail.com,#9w*7*#u4n,https://picsum.photos/seed/10146/200,1309564346,provider,False,True,2025-06-06T09:09:00.815534,2025-06-06T09:09:00.815534,Mumbai
10147,Nichole Martinez,nichole.martinez@gmail.com,)m^r0jy^v2,https://picsum.photos/seed/10147/200,0167507325,provider,False,True,2025-06-06T09:09:00.816059,2025-06-06T09:09:00.816059,Mumbai
10148,Summer Cooper,summer.cooper@gmail.com,_3qkat8$x4,https://picsum.photos/seed/10148/200,8752314777,customer,False,True,2025-06-06T09:09:00.816059,2025-06-06T09:09:00.816059,Delhi
10149,Kyle Chandler,kyle.chandler@gmail.com,_rw%&v681_,https://picsum.photos/seed/10149/200,1151985661,provider,True,False,2025-06-06T09:09:00.816300,2025-06-06T09:09:00.816300,Hyderabad
10150,Jessica Alexander,jessica.alexander@gmail.com,)h8^1t0j%x,https://picsum.photos/seed/10150/200,7906896160,provider,True,True,2025-06-06T09:09:00.816300,2025-06-06T09:09:00.816300,Delhi
10151,Kathy Banks,kathy.banks@gmail.com,hft2ogmj^r,https://picsum.photos/seed/10151/200,5768063649,admin,True,False,2025-06-06T09:09:00.816300,2025-06-06T09:09:00.816300,Delhi
10152,Jose Carson,jose.carson@gmail.com,&$fo56innz,https://picsum.photos/seed/10152/200,5687768007,provider,False,True,2025-06-06T09:09:00.816300,2025-06-06T09:09:00.816300,Delhi
10153,Billy White,billy.white@gmail.com,&uz(1alh*1,https://picsum.photos/seed/10153/200,3047233241,employee,True,False,2025-06-06T09:09:00.816920,2025-06-06T09:09:00.816920,Mumbai
10154,Sheri Willis,sheri.willis@gmail.com,u72rpg+od%,https://picsum.photos/seed/10154/200,6255402343,provider,True,False,2025-06-06T09:09:00.817019,2025-06-06T09:09:00.817019,Mumbai
10155,Dominique Mills,dominique.mills@gmail.com,$*1(x*939_,https://picsum.photos/seed/10155/200,3177385142,customer,True,False,2025-06-06T09:09:00.817308,2025-06-06T09:09:00.817308,Delhi
10156,Tyler Melendez,tyler.melendez@gmail.com,3#(2mbmvbg,https://picsum.photos/seed/10156/200,5253767599,provider,False,True,2025-06-06T09:09:00.817308,2025-06-06T09:09:00.817308,Mumbai
10157,Brandon Collins,brandon.collins@gmail.com,gg^1pv2dvm,https://picsum.photos/seed/10157/200,1616293449,provider,True,False,2025-06-06T09:09:00.817308,2025-06-06T09:09:00.817308,Mumbai
10158,Autumn Wu,autumn.wu@gmail.com,j6_4^7p)gw,https://picsum.photos/seed/10158/200,2357590072,provider,True,False,2025-06-06T09:09:00.817308,2025-06-06T09:09:00.817308,Delhi
10159,Rebekah Trevino,rebekah.trevino@gmail.com,%y93osepcd,https://picsum.photos/seed/10159/200,5986921833,employee,True,False,2025-06-06T09:09:00.817308,2025-06-06T09:09:00.817308,Mumbai
10160,Emily Grant,emily.grant@gmail.com,!lw0yn8y07,https://picsum.photos/seed/10160/200,1913569554,provider,True,False,2025-06-06T09:09:00.817308,2025-06-06T09:09:00.817308,Hyderabad
10161,Melinda Morales,melinda.morales@gmail.com,)*4+z0hw3d,https://picsum.photos/seed/10161/200,6137255178,provider,True,False,2025-06-06T09:09:00.817308,2025-06-06T09:09:00.817308,Delhi
10162,John Hernandez,john.hernandez@gmail.com,x+w0zq9o&m,https://picsum.photos/seed/10162/200,3927550268,admin,False,False,2025-06-06T09:09:00.817308,2025-06-06T09:09:00.817308,Delhi
10163,Jennifer Hicks,jennifer.hicks@gmail.com,%02qbgt+*1,https://picsum.photos/seed/10163/200,1633718598,admin,True,True,2025-06-06T09:09:00.817308,2025-06-06T09:09:00.817308,Delhi
10164,Scott Davis,scott.davis@gmail.com,%7q#bl82!e,https://picsum.photos/seed/10164/200,0388206025,provider,False,False,2025-06-06T09:09:00.817308,2025-06-06T09:09:00.817308,Mumbai
10165,Joanna Murphy,joanna.murphy@gmail.com,&vus!jc^n7,https://picsum.photos/seed/10165/200,1913168784,employee,True,True,2025-06-06T09:09:00.817308,2025-06-06T09:09:00.817308,Delhi
10166,Marcus Hernandez Jr.,marcus.hernandez.jr.@gmail.com,!ig&38zzg%,https://picsum.photos/seed/10166/200,0383395681,provider,True,True,2025-06-06T09:09:00.817308,2025-06-06T09:09:00.817308,Hyderabad
10167,Erin Barber,erin.barber@gmail.com,$c#igm4f88,https://picsum.photos/seed/10167/200,2602045363,provider,False,False,2025-06-06T09:09:00.817308,2025-06-06T09:09:00.817308,Hyderabad
10168,Kelly Williams,kelly.williams@gmail.com,))065wouuy,https://picsum.photos/seed/10168/200,2445739033,admin,True,True,2025-06-06T09:09:00.817308,2025-06-06T09:09:00.817308,Delhi
10169,Sheri Reeves,sheri.reeves@gmail.com,s3uqakl#+*,https://picsum.photos/seed/10169/200,8697130638,customer,True,True,2025-06-06T09:09:00.817308,2025-06-06T09:09:00.817308,Mumbai
10170,Katrina Gilbert,katrina.gilbert@gmail.com,oi^9k2p5(u,https://picsum.photos/seed/10170/200,1314637406,provider,False,False,2025-06-06T09:09:00.817308,2025-06-06T09:09:00.817308,Hyderabad
10171,Anthony Lowery,anthony.lowery@gmail.com,jjn#2yvk2n,https://picsum.photos/seed/10171/200,5093123528,admin,True,True,2025-06-06T09:09:00.817308,2025-06-06T09:09:00.817308,Mumbai
10172,Mrs. Sharon Flores,mrs..sharon.flores@gmail.com,7c%6y^qg^$,https://picsum.photos/seed/10172/200,8120509727,employee,False,False,2025-06-06T09:09:00.817308,2025-06-06T09:09:00.817308,Mumbai
10173,Gina Mendoza,gina.mendoza@gmail.com,bn2vr!2l+@,https://picsum.photos/seed/10173/200,2248347938,admin,True,True,2025-06-06T09:09:00.817308,2025-06-06T09:09:00.817308,Mumbai
10174,Erin Kelly,erin.kelly@gmail.com,6*0v(la4&c,https://picsum.photos/seed/10174/200,6134487570,provider,False,True,2025-06-06T09:09:00.817308,2025-06-06T09:09:00.817308,Mumbai
10175,James Mitchell,james.mitchell@gmail.com,tk6l+g49+t,https://picsum.photos/seed/10175/200,0573900077,provider,False,False,2025-06-06T09:09:00.817308,2025-06-06T09:09:00.817308,Delhi
10176,Brian Mitchell,brian.mitchell@gmail.com,)w1b1d^a$0,https://picsum.photos/seed/10176/200,4347883057,provider,True,True,2025-06-06T09:09:00.817308,2025-06-06T09:09:00.817308,Hyderabad
10177,Andrew Schwartz,andrew.schwartz@gmail.com,58vt#sj+_h,https://picsum.photos/seed/10177/200,1972967210,customer,True,False,2025-06-06T09:09:00.817308,2025-06-06T09:09:00.817308,Mumbai
10178,Kimberly Allen,kimberly.allen@gmail.com,qyfw(43n@8,https://picsum.photos/seed/10178/200,1944804772,provider,False,True,2025-06-06T09:09:00.817308,2025-06-06T09:09:00.817308,Mumbai
10179,Ms. Amber Perkins,ms..amber.perkins@gmail.com,^_4&miycmh,https://picsum.photos/seed/10179/200,0016563206,admin,True,True,2025-06-06T09:09:00.817308,2025-06-06T09:09:00.817308,Hyderabad
10180,Ashley Brooks,ashley.brooks@gmail.com,d%3i2me8)6,https://picsum.photos/seed/10180/200,6765006969,provider,True,True,2025-06-06T09:09:00.817308,2025-06-06T09:09:00.817308,Delhi
10181,John Gutierrez,john.gutierrez@gmail.com,x!5lmxt#23,https://picsum.photos/seed/10181/200,3273652492,provider,False,True,2025-06-06T09:09:00.817308,2025-06-06T09:09:00.817308,Hyderabad
10182,Travis Martinez,travis.martinez@gmail.com,jc_vgdcn+2,https://picsum.photos/seed/10182/200,9514303132,provider,False,True,2025-06-06T09:09:00.817308,2025-06-06T09:09:00.817308,Hyderabad
10183,Crystal May,crystal.may@gmail.com,*yi9ukxqi*,https://picsum.photos/seed/10183/200,8971514842,customer,True,True,2025-06-06T09:09:00.817308,2025-06-06T09:09:00.817308,Mumbai
10184,William Mora,william.mora@gmail.com,#h!$dw#vj2,https://picsum.photos/seed/10184/200,5715122909,provider,False,True,2025-06-06T09:09:00.817308,2025-06-06T09:09:00.817308,Hyderabad
10185,Terry Tucker,terry.tucker@gmail.com,vv%td8v%2^,https://picsum.photos/seed/10185/200,9947487879,customer,False,True,2025-06-06T09:09:00.817308,2025-06-06T09:09:00.817308,Delhi
10186,Ryan Carey,ryan.carey@gmail.com,tmb0rnsj%f,https://picsum.photos/seed/10186/200,6240435146,provider,True,False,2025-06-06T09:09:00.817308,2025-06-06T09:09:00.817308,Mumbai
10187,Erica Russell,erica.russell@gmail.com,@@)fk8hst6,https://picsum.photos/seed/10187/200,5237933657,provider,False,False,2025-06-06T09:09:00.817308,2025-06-06T09:09:00.817308,Delhi
10188,Brandon Howell,brandon.howell@gmail.com,hfe1b9q^y(,https://picsum.photos/seed/10188/200,7311749840,employee,True,True,2025-06-06T09:09:00.817308,2025-06-06T09:09:00.817308,Delhi
10189,Christian Knight,christian.knight@gmail.com,77deliws@@,https://picsum.photos/seed/10189/200,7726046667,admin,False,False,2025-06-06T09:09:00.817308,2025-06-06T09:09:00.817308,Delhi
10190,Jonathan Clark,jonathan.clark@gmail.com,7+@17bgp(),https://picsum.photos/seed/10190/200,6272404940,customer,False,False,2025-06-06T09:09:00.817308,2025-06-06T09:09:00.817308,Delhi
10191,John Giles,john.giles@gmail.com,+9m9@@p#)(,https://picsum.photos/seed/10191/200,2457999706,employee,False,True,2025-06-06T09:09:00.817308,2025-06-06T09:09:00.817308,Delhi
10192,Joseph Pierce,joseph.pierce@gmail.com,6y@6ferqut,https://picsum.photos/seed/10192/200,1914257782,provider,True,False,2025-06-06T09:09:00.817308,2025-06-06T09:09:00.817308,Hyderabad
10193,Mitchell Hicks,mitchell.hicks@gmail.com,$p9r#5tr2@,https://picsum.photos/seed/10193/200,7544258516,provider,True,True,2025-06-06T09:09:00.817308,2025-06-06T09:09:00.817308,Hyderabad
10194,Heather Marquez,heather.marquez@gmail.com,j^v8u!jvrf,https://picsum.photos/seed/10194/200,1826279184,provider,True,True,2025-06-06T09:09:00.825216,2025-06-06T09:09:00.825216,Delhi
10195,Wendy Wong,wendy.wong@gmail.com,(qr6^w_f_@,https://picsum.photos/seed/10195/200,4255961993,provider,False,False,2025-06-06T09:09:00.825216,2025-06-06T09:09:00.825216,Hyderabad
10196,Corey Johnson,corey.johnson@gmail.com,u$_h&++t%7,https://picsum.photos/seed/10196/200,0126278330,provider,True,True,2025-06-06T09:09:00.825216,2025-06-06T09:09:00.825216,Delhi
10197,Jessica Ryan,jessica.ryan@gmail.com,oig)5y@2%&,https://picsum.photos/seed/10197/200,8305703617,customer,False,True,2025-06-06T09:09:00.825216,2025-06-06T09:09:00.825216,Mumbai
10198,Nicole West,nicole.west@gmail.com,ojih3yqk_q,https://picsum.photos/seed/10198/200,7827068660,provider,True,False,2025-06-06T09:09:00.825216,2025-06-06T09:09:00.825216,Hyderabad
10199,Craig Hansen,craig.hansen@gmail.com,y)3vywn+*0,https://picsum.photos/seed/10199/200,1568677312,provider,False,True,2025-06-06T09:09:00.826005,2025-06-06T09:09:00.826005,Mumbai
10200,Julie Garcia,julie.garcia@gmail.com,0jbk&y6y^!,https://picsum.photos/seed/10200/200,1261035224,customer,False,True,2025-06-06T09:09:00.826005,2025-06-06T09:09:00.826005,Delhi
